#{"t_start": 1716971638.247707, "env_id": "None"}
r,l,t
32.0,100,0.617134
12.0,100,0.676562
21.0,100,0.7349
39.0,100,0.796629
28.0,100,0.85785
16.0,100,0.915136
-7.0,100,0.973455
33.0,100,1.027548
39.0,100,1.086701
47.0,100,1.139844
19.0,100,1.261114
21.0,100,1.322726
39.0,100,1.379457
10.0,100,1.438477
26.0,100,1.497553
16.0,100,1.557126
25.0,100,1.620401
38.0,100,1.676787
-6.0,100,1.737705
34.0,100,1.799019
22.0,100,2.941176
20.0,100,3.00255
45.0,100,3.068522
37.0,100,3.12408
38.0,100,3.182494
42.0,100,3.237497
17.0,100,3.292293
42.0,100,3.347341
48.0,100,3.411016
35.0,100,3.466421
18.0,100,3.544625
9.0,100,3.605111
27.0,100,3.664462
29.0,100,3.721654
10.0,100,3.774881
28.0,100,3.835163
33.0,100,3.886213
9.0,100,3.940129
39.0,100,3.993439
34.0,100,4.054539
10.0,100,5.191283
11.0,100,5.252125
44.0,100,5.313009
34.0,100,5.371298
22.0,100,5.430888
34.0,100,5.489939
31.0,100,5.54569
31.0,100,5.602039
27.0,100,5.654797
52.0,100,5.7141
48.0,100,5.7825
32.0,100,5.839117
32.0,100,5.892263
10.0,100,5.953726
17.0,100,6.009484
54.0,100,6.064959
-9.0,100,6.120954
44.0,100,6.189141
58.0,100,6.251364
26.0,100,6.307075
-8.0,100,6.385104
31.0,100,7.4809
36.0,100,7.53966
28.0,100,7.602362
18.0,100,7.667052
31.0,100,7.729471
27.0,100,7.787172
19.0,100,7.846671
6.0,100,7.9052
11.0,100,7.969549
13.0,100,8.037183
36.0,100,8.092182
30.0,100,8.159895
21.0,100,8.220424
5.0,100,8.280422
33.0,100,8.33628
15.0,100,8.389828
29.0,100,8.446207
-20.0,100,8.498407
2.0,100,8.553637
30.0,100,8.616221
35.0,100,9.77253
33.0,100,9.836362
36.0,100,9.909892
45.0,100,9.980899
2.0,100,10.042229
21.0,100,10.104399
45.0,100,10.166425
19.0,100,10.230812
56.0,100,10.295827
35.0,100,10.371126
40.0,100,10.442919
27.0,100,10.504442
35.0,100,10.568657
46.0,100,10.634106
-5.0,100,10.695105
52.0,100,10.75444
4.0,100,10.827583
43.0,100,10.892519
41.0,100,10.955822
22.0,100,11.025827
41.0,100,11.09081
42.0,100,12.300469
19.0,100,12.360154
15.0,100,12.426314
24.0,100,12.486552
40.0,100,12.549953
41.0,100,12.61398
20.0,100,12.674553
45.0,100,12.736629
27.0,100,12.802681
20.0,100,12.865204
36.0,100,12.923461
31.0,100,12.983694
43.0,100,13.042618
1.0,100,13.100052
31.0,100,13.159002
40.0,100,13.215776
30.0,100,13.274151
-1.0,100,13.332923
-2.0,100,13.393944
42.0,100,13.451827
33.0,100,14.381446
41.0,100,14.436686
46.0,100,14.49487
28.0,100,14.551399
41.0,100,14.608855
31.0,100,14.665698
36.0,100,14.723339
10.0,100,14.780934
31.0,100,14.844512
34.0,100,14.902014
45.0,100,14.960072
4.0,100,15.019599
26.0,100,15.076066
32.0,100,15.134541
43.0,100,15.188812
21.0,100,15.240348
19.0,100,15.292851
44.0,100,15.34689
23.0,100,15.404097
18.0,100,15.466034
40.0,100,15.520224
24.0,100,16.480834
38.0,100,16.537169
32.0,100,16.60201
16.0,100,16.659871
35.0,100,16.717932
25.0,100,16.773779
27.0,100,16.83631
28.0,100,16.904369
30.0,100,16.964743
24.0,100,17.024856
15.0,100,17.084187
23.0,100,17.148025
25.0,100,17.205951
27.0,100,17.269774
36.0,100,17.330884
46.0,100,17.387495
11.0,100,17.460592
43.0,100,17.532774
39.0,100,17.59111
31.0,100,17.651118
44.0,100,18.723998
30.0,100,18.788417
36.0,100,18.848811
10.0,100,18.909394
42.0,100,18.966765
18.0,100,19.026023
44.0,100,19.084834
28.0,100,19.173963
25.0,100,19.233007
30.0,100,19.289131
33.0,100,19.346919
21.0,100,19.403962
31.0,100,19.457324
36.0,100,19.509462
48.0,100,19.559633
39.0,100,19.608205
31.0,100,19.660656
44.0,100,19.740317
43.0,100,19.796538
30.0,100,19.854614
54.0,100,19.907674
33.0,100,20.854086
33.0,100,20.911969
30.0,100,20.970779
44.0,100,21.028271
23.0,100,21.086959
25.0,100,21.145034
25.0,100,21.228605
28.0,100,21.29097
27.0,100,21.351073
39.0,100,21.413847
33.0,100,21.472967
45.0,100,21.530418
37.0,100,21.583119
31.0,100,21.641823
50.0,100,21.6994
18.0,100,21.758414
27.0,100,21.836521
32.0,100,21.895682
10.0,100,21.958776
12.0,100,22.019482
30.0,100,23.106198
38.0,100,23.174492
15.0,100,23.237168
46.0,100,23.302304
52.0,100,23.35949
45.0,100,23.418346
37.0,100,23.483403
41.0,100,23.542794
45.0,100,23.601451
42.0,100,23.657183
37.0,100,23.715431
49.0,100,23.771259
37.0,100,23.828434
34.0,100,23.886272
35.0,100,23.94274
18.0,100,24.001746
29.0,100,24.075827
43.0,100,24.131133
31.0,100,24.187887
30.0,100,24.247671
17.0,100,24.303149
15.0,100,25.369226
53.0,100,25.433291
37.0,100,25.508598
41.0,100,25.569426
48.0,100,25.625658
18.0,100,25.711181
39.0,100,25.775966
28.0,100,25.834376
34.0,100,25.894618
48.0,100,25.953109
36.0,100,26.013104
46.0,100,26.070594
19.0,100,26.138955
24.0,100,26.198752
35.0,100,26.255031
47.0,100,26.332078
40.0,100,26.394674
40.0,100,26.454713
24.0,100,26.515955
41.0,100,26.57263
39.0,100,27.866225
50.0,100,27.936524
19.0,100,28.014878
33.0,100,28.081126
25.0,100,28.142589
15.0,100,28.231957
24.0,100,28.296637
17.0,100,28.35778
46.0,100,28.41791
27.0,100,28.476995
17.0,100,28.53606
37.0,100,28.595233
38.0,100,28.651754
33.0,100,28.711264
43.0,100,28.769258
17.0,100,28.848567
43.0,100,28.910733
9.0,100,28.971954
32.0,100,29.031114
36.0,100,29.090072
30.0,100,29.152919
21.0,100,30.455512
44.0,100,30.539907
53.0,100,30.61813
33.0,100,30.686153
44.0,100,30.756273
45.0,100,30.819478
47.0,100,30.882162
32.0,100,30.944556
32.0,100,31.007051
22.0,100,31.067597
37.0,100,31.133584
52.0,100,31.201535
35.0,100,31.263485
35.0,100,31.328208
49.0,100,31.423972
41.0,100,31.489487
26.0,100,31.555482
30.0,100,31.619557
40.0,100,31.681466
33.0,100,31.749669
28.0,100,33.381257
30.0,100,33.492269
36.0,100,33.591076
31.0,100,33.687196
32.0,100,33.793263
46.0,100,33.89398
34.0,100,33.982849
32.0,100,34.066346
35.0,100,34.148671
48.0,100,34.22188
30.0,100,34.300921
26.0,100,34.383064
34.0,100,34.464553
28.0,100,34.541319
44.0,100,34.650798
37.0,100,34.730964
25.0,100,34.823467
16.0,100,34.935681
49.0,100,35.047154
41.0,100,35.157889
46.0,100,35.264961
53.0,100,37.11352
38.0,100,37.213813
39.0,100,37.30944
42.0,100,37.439404
45.0,100,37.526519
22.0,100,37.604983
43.0,100,37.683866
22.0,100,37.775001
16.0,100,37.854308
37.0,100,37.930049
28.0,100,38.000138
41.0,100,38.073386
49.0,100,38.146046
38.0,100,38.222496
45.0,100,38.306443
27.0,100,38.39776
50.0,100,38.500008
31.0,100,38.606751
18.0,100,38.707607
43.0,100,38.81776
39.0,100,40.878875
41.0,100,40.985777
47.0,100,41.095325
27.0,100,41.219549
28.0,100,41.348188
36.0,100,41.439779
37.0,100,41.520725
45.0,100,41.610969
41.0,100,41.697151
57.0,100,41.777976
46.0,100,41.857504
40.0,100,41.9379
3.0,100,42.020345
32.0,100,42.123494
42.0,100,42.196413
24.0,100,42.272162
34.0,100,42.360355
29.0,100,42.461346
51.0,100,42.558903
34.0,100,42.659226
42.0,100,42.764895
41.0,100,44.910027
45.0,100,45.007773
40.0,100,45.119223
37.0,100,45.209168
42.0,100,45.304931
16.0,100,45.399771
40.0,100,45.484046
50.0,100,45.567038
39.0,100,45.646416
30.0,100,45.726119
43.0,100,45.808889
24.0,100,45.895042
46.0,100,46.000791
41.0,100,46.080634
31.0,100,46.170166
40.0,100,46.258727
48.0,100,46.360851
31.0,100,46.457781
30.0,100,46.558179
36.0,100,46.657536
52.0,100,48.473071
45.0,100,48.566889
51.0,100,48.698149
12.0,100,48.812364
45.0,100,48.911174
30.0,100,49.003849
44.0,100,49.102404
43.0,100,49.190082
46.0,100,49.266664
28.0,100,49.353378
42.0,100,49.435615
44.0,100,49.522788
34.0,100,49.630469
36.0,100,49.712771
34.0,100,49.786403
37.0,100,49.886048
47.0,100,49.994683
34.0,100,50.093668
37.0,100,50.187833
29.0,100,50.288461
37.0,100,50.39052
33.0,100,52.332199
40.0,100,52.481704
41.0,100,52.585433
41.0,100,52.688257
47.0,100,52.787928
43.0,100,52.887081
41.0,100,52.999428
41.0,100,53.115534
35.0,100,53.237933
54.0,100,53.363114
45.0,100,53.48947
35.0,100,53.647404
36.0,100,53.767871
34.0,100,53.889059
49.0,100,54.016215
50.0,100,54.13416
36.0,100,54.253855
44.0,100,54.361952
51.0,100,54.487719
31.0,100,54.603279
45.0,100,56.762148
38.0,100,56.935635
13.0,100,57.101924
51.0,100,57.205326
51.0,100,57.315012
36.0,100,57.431043
40.0,100,57.548065
34.0,100,57.650148
45.0,100,57.747285
34.0,100,57.856282
38.0,100,57.953743
27.0,100,58.090232
43.0,100,58.195438
36.0,100,58.305856
15.0,100,58.420855
44.0,100,58.530707
35.0,100,58.634235
25.0,100,58.735417
24.0,100,58.839071
26.0,100,58.936786
28.0,100,59.03403
50.0,100,60.63098
26.0,100,60.730559
29.0,100,60.819638
21.0,100,60.907218
41.0,100,60.991213
38.0,100,61.084079
41.0,100,61.177464
46.0,100,61.261903
44.0,100,61.337273
49.0,100,61.42061
22.0,100,61.528946
46.0,100,61.620037
49.0,100,61.71945
52.0,100,61.83942
45.0,100,61.937546
47.0,100,62.038792
44.0,100,62.138429
53.0,100,62.241536
26.0,100,62.337696
42.0,100,62.441654
37.0,100,64.089518
28.0,100,64.187681
29.0,100,64.289925
39.0,100,64.372229
33.0,100,64.458924
43.0,100,64.556676
37.0,100,64.65414
48.0,100,64.734264
45.0,100,64.820618
40.0,100,64.901413
42.0,100,65.02236
36.0,100,65.11392
41.0,100,65.201495
44.0,100,65.292912
23.0,100,65.400522
25.0,100,65.504801
52.0,100,65.596396
44.0,100,65.685529
44.0,100,65.770913
43.0,100,65.86706
48.0,100,65.978632
40.0,100,67.589122
31.0,100,67.68918
20.0,100,67.814803
50.0,100,67.904192
41.0,100,67.994565
42.0,100,68.088871
40.0,100,68.183882
55.0,100,68.26831
51.0,100,68.362525
52.0,100,68.486231
27.0,100,68.571598
31.0,100,68.656071
52.0,100,68.740875
48.0,100,68.839223
36.0,100,68.932631
38.0,100,69.02849
51.0,100,69.126983
50.0,100,69.210085
32.0,100,69.297535
44.0,100,69.421756
44.0,100,71.089585
51.0,100,71.194647
46.0,100,71.297568
30.0,100,71.387637
58.0,100,71.486268
41.0,100,71.573411
46.0,100,71.671191
54.0,100,71.758193
45.0,100,71.84354
49.0,100,71.975888
41.0,100,72.07034
44.0,100,72.169831
21.0,100,72.264204
51.0,100,72.366439
22.0,100,72.463233
57.0,100,72.546039
35.0,100,72.634201
29.0,100,72.720532
36.0,100,72.80257
42.0,100,72.893778
25.0,100,72.996392
47.0,100,74.712088
46.0,100,74.815524
41.0,100,74.906267
47.0,100,74.999353
47.0,100,75.094293
26.0,100,75.183454
45.0,100,75.273803
35.0,100,75.365767
28.0,100,75.469814
50.0,100,75.566287
53.0,100,75.652127
27.0,100,75.751137
51.0,100,75.856387
37.0,100,75.957035
46.0,100,76.049159
31.0,100,76.141309
39.0,100,76.243869
27.0,100,76.337142
46.0,100,76.465827
40.0,100,76.551631
48.0,100,78.149941
44.0,100,78.255237
51.0,100,78.346252
53.0,100,78.429903
42.0,100,78.515574
43.0,100,78.623941
47.0,100,78.722884
50.0,100,78.801797
49.0,100,78.917703
32.0,100,79.012062
56.0,100,79.098084
41.0,100,79.193394
25.0,100,79.289915
45.0,100,79.393265
38.0,100,79.504271
38.0,100,79.600951
49.0,100,79.69754
34.0,100,79.792474
30.0,100,79.897697
47.0,100,79.997441
39.0,100,81.727474
54.0,100,81.837293
42.0,100,81.941942
37.0,100,82.036502
57.0,100,82.125083
54.0,100,82.214946
56.0,100,82.316161
48.0,100,82.415201
39.0,100,82.556845
32.0,100,82.674837
43.0,100,82.788282
31.0,100,82.910382
46.0,100,83.015768
22.0,100,83.122026
43.0,100,83.247108
51.0,100,83.353779
29.0,100,83.45352
45.0,100,83.558565
45.0,100,83.672021
53.0,100,83.771367
54.0,100,83.866808
46.0,100,85.760632
26.0,100,85.870908
34.0,100,85.980903
40.0,100,86.082772
54.0,100,86.186537
41.0,100,86.286665
37.0,100,86.388174
52.0,100,86.523751
44.0,100,86.636128
43.0,100,86.746371
12.0,100,86.852521
44.0,100,86.969986
45.0,100,87.082885
29.0,100,87.193651
45.0,100,87.288609
31.0,100,87.382114
42.0,100,87.477387
53.0,100,87.595135
36.0,100,87.68892
55.0,100,87.785701
39.0,100,89.483208
44.0,100,89.596158
36.0,100,89.72699
38.0,100,89.829421
38.0,100,89.929442
25.0,100,90.030902
42.0,100,90.138245
51.0,100,90.257841
37.0,100,90.357355
42.0,100,90.454241
41.0,100,90.564806
55.0,100,90.677469
35.0,100,90.797722
48.0,100,90.905545
38.0,100,91.003571
46.0,100,91.119412
49.0,100,91.229708
51.0,100,91.342915
52.0,100,91.443313
33.0,100,91.535968
46.0,100,91.638733
35.0,100,93.303001
37.0,100,93.421399
55.0,100,93.529886
59.0,100,93.630864
44.0,100,93.728787
45.0,100,93.826229
52.0,100,93.956273
48.0,100,94.053379
42.0,100,94.15103
46.0,100,94.247514
46.0,100,94.349769
31.0,100,94.467136
48.0,100,94.58255
42.0,100,94.688685
39.0,100,94.793918
38.0,100,94.896421
29.0,100,95.071128
43.0,100,95.166173
54.0,100,95.26942
51.0,100,95.365494
44.0,100,97.046647
52.0,100,97.157598
50.0,100,97.266163
26.0,100,97.37481
40.0,100,97.476896
43.0,100,97.581361
19.0,100,97.693793
20.0,100,97.790962
57.0,100,97.889139
49.0,100,97.985052
51.0,100,98.089652
52.0,100,98.198983
50.0,100,98.315289
51.0,100,98.421591
51.0,100,98.51752
51.0,100,98.606469
62.0,100,98.744428
34.0,100,98.841622
49.0,100,98.935263
43.0,100,99.041534
47.0,100,99.135335
41.0,100,100.915572
38.0,100,101.030965
54.0,100,101.143426
48.0,100,101.24527
36.0,100,101.350104
44.0,100,101.472873
55.0,100,101.582722
42.0,100,101.6933
28.0,100,101.795132
30.0,100,101.909703
45.0,100,102.020593
34.0,100,102.130749
34.0,100,102.246361
31.0,100,102.35798
40.0,100,102.47075
52.0,100,102.584983
56.0,100,102.695469
44.0,100,102.802381
54.0,100,102.903699
55.0,100,103.009581
52.0,100,104.729708
52.0,100,104.841423
48.0,100,104.948679
55.0,100,105.049937
53.0,100,105.141595
36.0,100,105.271279
57.0,100,105.369377
52.0,100,105.480296
54.0,100,105.589617
47.0,100,105.70819
28.0,100,105.829363
31.0,100,105.946158
26.0,100,106.063456
26.0,100,106.176855
49.0,100,106.282425
64.0,100,106.441258
48.0,100,106.554215
37.0,100,106.658994
44.0,100,106.75122
50.0,100,106.853664
47.0,100,106.964799
41.0,100,108.7808
46.0,100,108.88975
49.0,100,108.984086
49.0,100,109.077786
36.0,100,109.197829
42.0,100,109.291818
44.0,100,109.38902
53.0,100,109.487211
63.0,100,109.587803
54.0,100,109.699053
38.0,100,109.81217
43.0,100,109.91695
44.0,100,110.018737
48.0,100,110.118012
50.0,100,110.247927
42.0,100,110.337725
59.0,100,110.428874
45.0,100,110.516646
45.0,100,110.616938
16.0,100,110.719052
50.0,100,112.679856
32.0,100,112.7936
50.0,100,112.904699
44.0,100,113.020025
42.0,100,113.133748
38.0,100,113.241551
44.0,100,113.348455
40.0,100,113.462549
41.0,100,113.579983
46.0,100,113.697702
39.0,100,113.812736
69.0,100,113.921577
49.0,100,114.040262
36.0,100,114.151962
55.0,100,114.265718
42.0,100,114.370734
57.0,100,114.474785
45.0,100,114.586657
41.0,100,114.697033
50.0,100,114.814674
36.0,100,114.914002
41.0,100,116.739799
36.0,100,116.84727
37.0,100,116.94678
38.0,100,117.054322
36.0,100,117.147616
43.0,100,117.243374
42.0,100,117.337914
46.0,100,117.444787
43.0,100,117.550724
49.0,100,117.655797
53.0,100,117.763247
61.0,100,117.869179
49.0,100,117.980861
50.0,100,118.104187
14.0,100,118.193832
43.0,100,118.284777
45.0,100,118.376507
49.0,100,118.46642
62.0,100,118.55884
24.0,100,118.653895
45.0,100,120.433376
46.0,100,120.551445
49.0,100,120.661079
46.0,100,120.785108
45.0,100,120.890537
44.0,100,120.987481
41.0,100,121.099561
53.0,100,121.213059
43.0,100,121.330882
47.0,100,121.443041
46.0,100,121.580594
32.0,100,121.698252
52.0,100,121.808944
30.0,100,121.958384
49.0,100,122.075152
49.0,100,122.180436
42.0,100,122.281006
47.0,100,122.375447
50.0,100,122.473413
58.0,100,122.574951
60.0,100,122.678522
51.0,100,124.357496
63.0,100,124.467063
36.0,100,124.57893
47.0,100,124.679496
38.0,100,124.774202
45.0,100,124.872106
39.0,100,124.982409
41.0,100,125.092875
44.0,100,125.199413
45.0,100,125.308188
44.0,100,125.417055
38.0,100,125.527078
52.0,100,125.648025
57.0,100,125.758157
62.0,100,125.860043
45.0,100,125.956363
36.0,100,126.056187
47.0,100,126.150034
59.0,100,126.243977
41.0,100,126.335302
39.0,100,127.964336
46.0,100,128.073166
32.0,100,128.189292
55.0,100,128.294296
38.0,100,128.400445
36.0,100,128.49477
45.0,100,128.60608
55.0,100,128.717206
43.0,100,128.824896
51.0,100,128.928907
40.0,100,129.03513
48.0,100,129.142071
50.0,100,129.258782
51.0,100,129.363981
40.0,100,129.467293
57.0,100,129.560938
44.0,100,129.653747
54.0,100,129.747585
58.0,100,129.840212
39.0,100,129.937634
52.0,100,130.027242
51.0,100,131.533884
42.0,100,131.679002
53.0,100,131.77454
49.0,100,131.867051
45.0,100,131.968553
48.0,100,132.076264
46.0,100,132.185378
51.0,100,132.295055
44.0,100,132.40042
52.0,100,132.505983
39.0,100,132.616764
49.0,100,132.76383
28.0,100,132.864952
52.0,100,133.00035
52.0,100,133.094918
46.0,100,133.195506
54.0,100,133.283976
51.0,100,133.379717
53.0,100,133.47361
35.0,100,133.561667
56.0,100,134.990848
1.0,100,135.129606
47.0,100,135.232839
51.0,100,135.327527
44.0,100,135.412629
50.0,100,135.513439
55.0,100,135.616645
39.0,100,135.719069
41.0,100,135.82219
44.0,100,135.922955
58.0,100,136.026295
45.0,100,136.140822
42.0,100,136.242942
49.0,100,136.346499
49.0,100,136.443491
29.0,100,136.542058
49.0,100,136.642251
44.0,100,136.735539
51.0,100,136.821567
61.0,100,136.910311
48.0,100,136.995995
45.0,100,138.442732
56.0,100,138.545861
39.0,100,138.671842
48.0,100,138.761677
54.0,100,138.84708
52.0,100,138.946857
52.0,100,139.048872
30.0,100,139.159011
62.0,100,139.266175
42.0,100,139.367629
49.0,100,139.507498
55.0,100,139.614321
41.0,100,139.727092
47.0,100,139.836083
43.0,100,139.945351
55.0,100,140.041848
41.0,100,140.139463
49.0,100,140.235931
43.0,100,140.328124
54.0,100,140.415528
50.0,100,141.885245
60.0,100,141.986858
43.0,100,142.093131
41.0,100,142.183057
56.0,100,142.266798
45.0,100,142.35146
42.0,100,142.445985
42.0,100,142.543466
46.0,100,142.638992
39.0,100,142.739259
35.0,100,142.872668
61.0,100,142.970739
50.0,100,143.071291
48.0,100,143.16382
49.0,100,143.258784
47.0,100,143.356596
37.0,100,143.446458
36.0,100,143.530732
46.0,100,143.616266
58.0,100,143.707281
35.0,100,143.800384
36.0,100,145.244299
51.0,100,145.342585
45.0,100,145.439779
53.0,100,145.526319
53.0,100,145.608063
38.0,100,145.706379
50.0,100,145.811769
52.0,100,145.913809
50.0,100,146.017496
53.0,100,146.157073
45.0,100,146.254751
35.0,100,146.356485
46.0,100,146.459177
60.0,100,146.557602
51.0,100,146.657965
41.0,100,146.753984
43.0,100,146.848868
48.0,100,146.941138
39.0,100,147.029521
61.0,100,147.13247
48.0,100,148.482182
50.0,100,148.582849
42.0,100,148.678028
44.0,100,148.769091
61.0,100,148.860486
50.0,100,148.941033
46.0,100,149.029402
53.0,100,149.127657
36.0,100,149.224804
28.0,100,149.333898
40.0,100,149.43406
51.0,100,149.537453
42.0,100,149.638924
54.0,100,149.74024
47.0,100,149.841428
56.0,100,149.945892
53.0,100,150.050743
47.0,100,150.147993
48.0,100,150.240001
47.0,100,150.338997
39.0,100,150.419249
50.0,100,151.86074
42.0,100,151.964056
45.0,100,152.072152
49.0,100,152.165447
52.0,100,152.263628
53.0,100,152.356304
48.0,100,152.444075
37.0,100,152.548118
41.0,100,152.690756
53.0,100,152.793863
39.0,100,152.899406
40.0,100,153.001208
58.0,100,153.104034
41.0,100,153.205522
44.0,100,153.307909
45.0,100,153.409654
43.0,100,153.509592
43.0,100,153.603983
47.0,100,153.703904
46.0,100,153.796131
48.0,100,155.258309
48.0,100,155.35656
57.0,100,155.45831
35.0,100,155.545856
48.0,100,155.642485
53.0,100,155.741875
45.0,100,155.837542
61.0,100,155.938887
54.0,100,156.056974
37.0,100,156.161904
50.0,100,156.265747
51.0,100,156.368157
47.0,100,156.469601
55.0,100,156.571903
40.0,100,156.683171
48.0,100,156.790868
46.0,100,156.89089
53.0,100,156.993922
59.0,100,157.101795
58.0,100,157.200581
54.0,100,157.289846
46.0,100,158.717616
43.0,100,158.822074
61.0,100,158.916826
45.0,100,159.007833
45.0,100,159.096703
40.0,100,159.183551
50.0,100,159.279086
57.0,100,159.415708
44.0,100,159.51755
63.0,100,159.616178
48.0,100,159.71834
54.0,100,159.817764
55.0,100,159.91533
47.0,100,160.013778
55.0,100,160.114504
50.0,100,160.210929
48.0,100,160.30457
44.0,100,160.461133
41.0,100,160.542987
48.0,100,160.623565
51.0,100,162.065722
33.0,100,162.160593
58.0,100,162.260066
49.0,100,162.355874
46.0,100,162.437826
49.0,100,162.514765
49.0,100,162.602527
36.0,100,162.730183
57.0,100,162.824762
57.0,100,162.91923
56.0,100,163.01513
43.0,100,163.110854
53.0,100,163.206442
57.0,100,163.301915
39.0,100,163.39721
46.0,100,163.492729
42.0,100,163.588796
53.0,100,163.718909
63.0,100,163.808757
54.0,100,163.896436
50.0,100,163.973595
44.0,100,165.315959
64.0,100,165.409351
48.0,100,165.519061
47.0,100,165.611614
54.0,100,165.69538
42.0,100,165.780625
46.0,100,165.9044
47.0,100,165.996037
36.0,100,166.09054
45.0,100,166.184101
49.0,100,166.278276
45.0,100,166.372872
49.0,100,166.469142
55.0,100,166.563713
58.0,100,166.663105
53.0,100,166.758793
49.0,100,166.885164
43.0,100,166.979483
37.0,100,167.07478
45.0,100,167.156183
52.0,100,168.449692
57.0,100,168.537972
55.0,100,168.619392
23.0,100,168.716674
46.0,100,168.804652
51.0,100,168.887225
53.0,100,168.993954
54.0,100,169.089537
52.0,100,169.183403
47.0,100,169.284416
52.0,100,169.384197
45.0,100,169.482484
47.0,100,169.579807
55.0,100,169.683243
46.0,100,169.783929
55.0,100,169.882347
58.0,100,170.019483
45.0,100,170.117765
34.0,100,170.214152
37.0,100,170.301178
44.0,100,171.7128
44.0,100,171.797866
53.0,100,171.881237
48.0,100,171.970492
34.0,100,172.059587
45.0,100,172.145014
45.0,100,172.24094
49.0,100,172.341227
37.0,100,172.438347
48.0,100,172.538635
38.0,100,172.634841
55.0,100,172.730189
48.0,100,172.828988
48.0,100,172.927107
53.0,100,173.024794
55.0,100,173.125262
52.0,100,173.232998
45.0,100,173.334316
44.0,100,173.432197
42.0,100,173.52492
35.0,100,173.613903
56.0,100,174.974995
53.0,100,175.059306
53.0,100,175.139822
55.0,100,175.231445
37.0,100,175.315705
58.0,100,175.416577
49.0,100,175.508344
51.0,100,175.611073
42.0,100,175.709686
38.0,100,175.814677
56.0,100,175.913412
47.0,100,176.012449
43.0,100,176.111672
40.0,100,176.210274
51.0,100,176.306761
54.0,100,176.419571
43.0,100,176.520207
44.0,100,176.61887
47.0,100,176.744332
49.0,100,176.839272
50.0,100,178.216457
51.0,100,178.304302
48.0,100,178.386538
46.0,100,178.467538
46.0,100,178.562366
56.0,100,178.665128
37.0,100,178.763991
50.0,100,178.854453
54.0,100,178.955615
52.0,100,179.070143
52.0,100,179.181741
54.0,100,179.295241
36.0,100,179.402956
43.0,100,179.512718
57.0,100,179.624659
50.0,100,179.752291
22.0,100,179.865342
66.0,100,179.969386
57.0,100,180.073323
54.0,100,180.180225
37.0,100,180.286707
48.0,100,182.04681
35.0,100,182.142844
48.0,100,182.224576
36.0,100,182.306905
57.0,100,182.397352
52.0,100,182.492954
64.0,100,182.59288
49.0,100,182.690135
40.0,100,182.789137
54.0,100,182.894441
51.0,100,183.004625
60.0,100,183.114183
52.0,100,183.22142
46.0,100,183.329038
50.0,100,183.448051
56.0,100,183.55884
46.0,100,183.674161
42.0,100,183.780856
58.0,100,183.887071
48.0,100,183.991779
56.0,100,185.497549
51.0,100,185.585771
54.0,100,185.678971
49.0,100,185.75411
51.0,100,185.841001
44.0,100,185.918113
52.0,100,185.998858
52.0,100,186.095148
48.0,100,186.179105
47.0,100,186.263533
40.0,100,186.354179
34.0,100,186.453781
48.0,100,186.550688
52.0,100,186.647494
34.0,100,186.754155
49.0,100,186.848117
55.0,100,186.94239
52.0,100,187.034257
40.0,100,187.130364
48.0,100,187.226005
43.0,100,187.320567
51.0,100,188.745343
47.0,100,188.825429
57.0,100,188.902719
47.0,100,188.987402
41.0,100,189.061973
43.0,100,189.134438
41.0,100,189.208189
56.0,100,189.289398
31.0,100,189.370641
55.0,100,189.458162
58.0,100,189.543133
51.0,100,189.636795
49.0,100,189.731388
50.0,100,189.835946
48.0,100,189.930327
44.0,100,190.025082
59.0,100,190.121715
49.0,100,190.217967
56.0,100,190.314649
50.0,100,190.409694
38.0,100,191.872558
57.0,100,191.957695
58.0,100,192.04892
43.0,100,192.129604
52.0,100,192.204386
55.0,100,192.277894
48.0,100,192.351555
28.0,100,192.434971
47.0,100,192.512937
44.0,100,192.59814
61.0,100,192.681733
51.0,100,192.773996
50.0,100,192.868231
51.0,100,192.974918
48.0,100,193.072062
55.0,100,193.168833
51.0,100,193.263859
57.0,100,193.359423
49.0,100,193.453739
49.0,100,193.547697
50.0,100,193.646047
57.0,100,195.090113
52.0,100,195.171732
46.0,100,195.260379
42.0,100,195.332173
42.0,100,195.402269
35.0,100,195.475195
37.0,100,195.561841
60.0,100,195.644814
50.0,100,195.730154
55.0,100,195.821517
51.0,100,195.907775
61.0,100,195.989279
52.0,100,196.080419
52.0,100,196.164804
53.0,100,196.250622
63.0,100,196.342213
43.0,100,196.438537
48.0,100,196.528913
53.0,100,196.624274
57.0,100,196.706812
53.0,100,198.093875
41.0,100,198.170823
47.0,100,198.277508
59.0,100,198.347397
48.0,100,198.419001
45.0,100,198.491193
44.0,100,198.562479
52.0,100,198.636387
56.0,100,198.710058
46.0,100,198.779536
48.0,100,198.848739
59.0,100,198.919087
29.0,100,199.001929
35.0,100,199.073884
52.0,100,199.145983
50.0,100,199.215847
26.0,100,199.285938
35.0,100,199.354628
54.0,100,199.42423
48.0,100,199.490422
47.0,100,199.559247
58.0,100,200.605573
45.0,100,200.685044
44.0,100,200.753797
37.0,100,200.822335
51.0,100,200.889384
52.0,100,200.953841
43.0,100,201.021282
49.0,100,201.087679
42.0,100,201.151881
53.0,100,201.216765
37.0,100,201.281346
41.0,100,201.349898
53.0,100,201.413785
51.0,100,201.475781
44.0,100,201.540654
57.0,100,201.605439
49.0,100,201.668352
53.0,100,201.732138
55.0,100,201.791951
45.0,100,201.853521
50.0,100,202.828732
47.0,100,202.900523
50.0,100,202.959757
51.0,100,203.022212
37.0,100,203.083782
44.0,100,203.142531
47.0,100,203.203898
44.0,100,203.262589
49.0,100,203.323167
52.0,100,203.382554
56.0,100,203.44378
48.0,100,203.511821
53.0,100,203.570822
59.0,100,203.6311
43.0,100,203.691437
49.0,100,203.755253
34.0,100,203.817417
48.0,100,203.878089
52.0,100,203.940488
38.0,100,204.002494
55.0,100,204.066065
56.0,100,205.161772
40.0,100,205.229819
48.0,100,205.294929
54.0,100,205.355312
56.0,100,205.416611
48.0,100,205.475887
64.0,100,205.539418
41.0,100,205.602255
42.0,100,205.662902
45.0,100,205.727793
52.0,100,205.795824
48.0,100,205.85963
42.0,100,205.923364
51.0,100,205.985262
49.0,100,206.048521
50.0,100,206.111399
53.0,100,206.174932
56.0,100,206.237536
49.0,100,206.299373
55.0,100,206.363181
51.0,100,207.333315
60.0,100,207.397014
30.0,100,207.458219
47.0,100,207.522025
48.0,100,207.584403
53.0,100,207.645249
44.0,100,207.708672
58.0,100,207.770224
33.0,100,207.833263
54.0,100,207.892937
38.0,100,207.962469
50.0,100,208.026328
43.0,100,208.088343
60.0,100,208.15164
43.0,100,208.212387
57.0,100,208.275513
50.0,100,208.338501
51.0,100,208.400158
44.0,100,208.463783
39.0,100,208.52759
57.0,100,208.595382
37.0,100,209.617193
19.0,100,209.680521
58.0,100,209.74221
47.0,100,209.807262
50.0,100,209.867646
52.0,100,209.930929
48.0,100,209.993624
63.0,100,210.054769
43.0,100,210.118474
60.0,100,210.190138
45.0,100,210.255384
44.0,100,210.318226
52.0,100,210.379
54.0,100,210.440919
49.0,100,210.501697
46.0,100,210.561264
41.0,100,210.622171
32.0,100,210.680792
49.0,100,210.742259
57.0,100,210.824868
41.0,100,211.795546
51.0,100,211.85979
48.0,100,211.921802
48.0,100,211.982819
55.0,100,212.041962
42.0,100,212.103829
50.0,100,212.164298
32.0,100,212.223228
56.0,100,212.284074
53.0,100,212.349902
42.0,100,212.411506
56.0,100,212.471441
38.0,100,212.534724
49.0,100,212.597003
52.0,100,212.656608
48.0,100,212.717542
54.0,100,212.776876
54.0,100,212.837964
51.0,100,212.896955
53.0,100,212.964624
60.0,100,213.025717
58.0,100,213.984517
24.0,100,214.045173
52.0,100,214.10405
53.0,100,214.163696
36.0,100,214.221353
48.0,100,214.282053
52.0,100,214.340669
48.0,100,214.401448
51.0,100,214.470171
52.0,100,214.529809
46.0,100,214.589747
57.0,100,214.647584
53.0,100,214.70751
46.0,100,214.768091
52.0,100,214.825416
57.0,100,214.884223
43.0,100,214.941099
49.0,100,215.000963
49.0,100,215.06411
50.0,100,215.123817
37.0,100,216.088162
66.0,100,216.148395
45.0,100,216.207123
30.0,100,216.269397
53.0,100,216.327451
54.0,100,216.386861
57.0,100,216.446792
59.0,100,216.504312
55.0,100,216.569582
45.0,100,216.627489
58.0,100,216.687614
54.0,100,216.746798
40.0,100,216.805635
52.0,100,216.865344
56.0,100,216.923092
49.0,100,216.983188
42.0,100,217.041301
58.0,100,217.102138
42.0,100,217.167088
46.0,100,217.223938
48.0,100,217.285894
58.0,100,218.336994
56.0,100,218.397297
43.0,100,218.460455
51.0,100,218.523743
47.0,100,218.583051
46.0,100,218.644394
53.0,100,218.704563
53.0,100,218.77228
44.0,100,218.833937
55.0,100,218.893969
38.0,100,218.955872
49.0,100,219.015002
48.0,100,219.075987
53.0,100,219.134873
47.0,100,219.196424
50.0,100,219.258494
48.0,100,219.31856
59.0,100,219.38651
44.0,100,219.445294
57.0,100,219.506289
45.0,100,220.428776
55.0,100,220.486588
57.0,100,220.549272
43.0,100,220.609765
51.0,100,220.670477
47.0,100,220.731646
42.0,100,220.791206
50.0,100,220.85895
46.0,100,220.917779
56.0,100,220.979143
40.0,100,221.040872
54.0,100,221.099548
57.0,100,221.160532
48.0,100,221.219143
56.0,100,221.279624
60.0,100,221.339609
55.0,100,221.401336
54.0,100,221.481406
